{
  "orders": [
    {
      "id": "ORD-2025-001",
      "customer": {
        "name": "Auckland Security Services",
        "email": "orders@aucklandsec.co.nz",
        "phone": "+64 9 555 1234"
      },
      "status": "pending",
      "priority": "high",
      "createdAt": "2025-07-02T08:30:00Z",
      "requiredBy": "2025-07-03T17:00:00Z",
      "items": [
        {
          "sku": "ARM-SENS-001",
          "quantity": 5,
          "pickedQuantity": 0,
          "packedQuantity": 0,
          "location": "A-01-02"
        },
        {
          "sku": "ARM-CTRL-003",
          "quantity": 1,
          "pickedQuantity": 0,
          "packedQuantity": 0,
          "location": "B-03-01"
        },
        {
          "sku": "ARM-KEY-005",
          "quantity": 2,
          "pickedQuantity": 0,
          "packedQuantity": 0,
          "location": "C-02-03"
        }
      ],
      "shippingAddress": {
        "street": "123 Queen Street",
        "city": "Auckland",
        "postcode": "1010",
        "country": "New Zealand"
      },
      "notes": "Customer will collect if ready early"
    },
    {
      "id": "ORD-2025-002",
      "customer": {
        "name": "Wellington Home Protection",
        "email": "info@wellyhome.co.nz",
        "phone": "+64 4 555 5678"
      },
      "status": "picking",
      "priority": "normal",
      "createdAt": "2025-07-02T09:15:00Z",
      "requiredBy": "2025-07-04T17:00:00Z",
      "assignedPicker": "USR002",
      "items": [
        {
          "sku": "ARM-DOOR-004",
          "quantity": 10,
          "pickedQuantity": 8,
          "packedQuantity": 0,
          "location": "A-02-05"
        },
        {
          "sku": "ARM-SMOKE-006",
          "quantity": 3,
          "pickedQuantity": 3,
          "packedQuantity": 0,
          "location": "D-01-02"
        }
      ],
      "shippingAddress": {
        "street": "456 Lambton Quay",
        "city": "Wellington",
        "postcode": "6011",
        "country": "New Zealand"
      }
    },
    {
      "id": "ORD-2025-003",
      "customer": {
        "name": "Christchurch Safe & Sound",
        "email": "orders@chcsafe.co.nz",
        "phone": "+64 3 555 9012"
      },
      "status": "ready_to_pack",
      "priority": "normal",
      "createdAt": "2025-07-01T14:20:00Z",
      "requiredBy": "2025-07-03T17:00:00Z",
      "assignedPicker": "USR002",
      "items": [
        {
          "sku": "ARM-SIREN-002",
          "quantity": 2,
          "pickedQuantity": 2,
          "packedQuantity": 0,
          "location": "E-03-01"
        },
        {
          "sku": "ARM-CAM-007",
          "quantity": 4,
          "pickedQuantity": 4,
          "packedQuantity": 0,
          "location": "F-02-02"
        },
        {
          "sku": "ARM-PANIC-008",
          "quantity": 6,
          "pickedQuantity": 6,
          "packedQuantity": 0,
          "location": "A-03-04"
        }
      ],
      "shippingAddress": {
        "street": "789 Colombo Street",
        "city": "Christchurch",
        "postcode": "8013",
        "country": "New Zealand"
      }
    },
    {
      "id": "ORD-2025-004",
      "customer": {
        "name": "Hamilton Security Pro",
        "email": "contact@hamiltonpro.co.nz",
        "phone": "+64 7 555 3456"
      },
      "status": "packed",
      "priority": "normal",
      "createdAt": "2025-07-01T10:45:00Z",
      "requiredBy": "2025-07-02T17:00:00Z",
      "assignedPicker": "USR002",
      "assignedPacker": "USR003",
      "items": [
        {
          "sku": "ARM-SENS-001",
          "quantity": 8,
          "pickedQuantity": 8,
          "packedQuantity": 8,
          "location": "A-01-02"
        },
        {
          "sku": "ARM-KEY-005",
          "quantity": 1,
          "pickedQuantity": 1,
          "packedQuantity": 1,
          "location": "C-02-03"
        }
      ],
      "shippingAddress": {
        "street": "321 Victoria Street",
        "city": "Hamilton",
        "postcode": "3204",
        "country": "New Zealand"
      },
      "packageType": "0.03",
      "trackingNumber": "NZ123456789",
      "packedAt": "2025-07-02T11:30:00Z"
    },
    {
      "id": "ORD-2025-005",
      "customer": {
        "name": "Tauranga Safety Solutions",
        "email": "sales@taurangasafety.co.nz",
        "phone": "+64 7 555 7890"
      },
      "status": "shipped",
      "priority": "low",
      "createdAt": "2025-06-30T15:30:00Z",
      "requiredBy": "2025-07-05T17:00:00Z",
      "assignedPicker": "USR002",
      "assignedPacker": "USR003",
      "items": [
        {
          "sku": "ARM-CTRL-003",
          "quantity": 2,
          "pickedQuantity": 2,
          "packedQuantity": 2,
          "location": "B-03-01"
        },
        {
          "sku": "ARM-SMOKE-006",
          "quantity": 5,
          "pickedQuantity": 5,
          "packedQuantity": 5,
          "location": "D-01-02"
        },
        {
          "sku": "ARM-DOOR-004",
          "quantity": 15,
          "pickedQuantity": 15,
          "packedQuantity": 15,
          "location": "A-02-05"
        }
      ],
      "shippingAddress": {
        "street": "654 Cameron Road",
        "city": "Tauranga",
        "postcode": "3110",
        "country": "New Zealand"
      },
      "packageType": "0.05",
      "trackingNumber": "NZ987654321",
      "packedAt": "2025-07-01T09:15:00Z",
      "shippedAt": "2025-07-01T14:00:00Z"
    }
  ]
}